{
  "pattern_id": 1231234,
  "name": "pattern123",
  "description": "Walking in sand",
  "path": "M40,420C53.628571428571426,386.0666666666666,67.25714285714285,352.1333333333332,80.88571428571427,295.99999999999994C89.97142857142856,258.5777777777777,99.05714285714285,164,108.14285714285714,164C116.21904761904761,164,124.29523809523809,256.00000000000006,132.37142857142857,256.00000000000006C137.92380952380952,256.00000000000006,143.47619047619045,128,149.0285714285714,128C158.61904761904762,128,168.2095238095238,300,177.8,300C189.40952380952382,300,201.01904761904763,160,212.62857142857143,160C221.71428571428572,160,230.8,288,239.8857142857143,288C254.52380952380955,288,269.1619047619048,55.999999999999986,283.8,55.999999999999986C309.03809523809525,55.999999999999986,334.2761904761905,288,359.51428571428573,288C376.67619047619047,288,393.83809523809526,92.00000000000003,411,92.00000000000003C429.67619047619047,92.00000000000003,448.35238095238094,340,467.0285714285714,340C472.07619047619045,340,477.12380952380954,192.00000000000003,482.1714285714286,192.00000000000003C491.25714285714287,192.00000000000003,500.3428571428571,298.7368421052632,509.4285714285714,324C519.0190476190476,350.6666666666667,528.6095238095238,352.41587301587305,538.1999999999999,364C548.8,376.80350877192984,559.4,386.40175438596486,570,395.99999999999994L570,420C559.4,420,548.8,420,538.1999999999999,420C528.6095238095238,420,519.0190476190476,420,509.4285714285714,420C500.3428571428571,420,491.25714285714287,420,482.1714285714286,420C477.12380952380954,420,472.07619047619045,420,467.0285714285714,420C448.35238095238094,420,429.67619047619047,420,411,420C393.83809523809526,420,376.67619047619047,420,359.51428571428573,420C334.2761904761905,420,309.03809523809525,420,283.8,420C269.1619047619048,420,254.52380952380955,420,239.8857142857143,420C230.8,420,221.71428571428572,420,212.62857142857143,420C201.01904761904763,420,189.40952380952382,420,177.8,420C168.2095238095238,420,158.61904761904762,420,149.0285714285714,420C143.47619047619045,420,137.92380952380952,420,132.37142857142857,420C124.29523809523809,420,116.21904761904761,420,108.14285714285714,420C99.05714285714285,420,89.97142857142856,420,80.88571428571427,420C67.25714285714285,420,53.628571428571426,420,40,420Z",

  "keyframes": [
    {
      "time": 0,
      "intensity": 0
    },
    {
      "time": 27,
      "intensity": 31
    },
    {
      "time": 45,
      "intensity": 64
    },
    {
      "time": 61,
      "intensity": 41
    },
    {
      "time": 72,
      "intensity": 73
    },
    {
      "time": 91,
      "intensity": 30
    },
    {
      "time": 114,
      "intensity": 65
    },
    {
      "time": 132,
      "intensity": 33
    },
    {
      "time": 161,
      "intensity": 91
    },
    {
      "time": 211,
      "intensity": 33
    },
    {
      "time": 245,
      "intensity": 82
    },
    {
      "time": 282,
      "intensity": 20
    },
    {
      "time": 292,
      "intensity": 57
    },
    {
      "time": 310,
      "intensity": 24
    },
    {
      "time": 329,
      "intensity": 14
    },
    {
      "time": 350,
      "intensity": 6
    }
  ]
}
